promoter,username
xfactor,Atirador
Fercastro,raimundoadvocacia
xfactor,atirador
metbexport,Metbexport
xfactor,Atirador007
leonardoschew,Leo
niceteixeira,carlosbtc
xfactor,juilano
leonardoschew,brunorafael
brunorafael,niceteixeira
xfactor,jschew
Lauro_Castro,pedrohcap
leonardoschew,Carlosfox19
leonardoschew,guischew
jenniferschew,Jennischew
metbexport,btcsb
xfactor,juliano
metbexport,airzarovne
leoschew,jenniferschew
metbexport,THAISAMILO
metbexport,Fercastro
metbexport,Lauro_Castro
btcsb,Huan
xfactor,leoschew
xfactor,jgouveia
btcsb,btcat
xfactor,ThiagoGerhardt
xfactor,sedudu
Huan,miscoli
btcsb,Marcosf
thiagogerhardt,STEPHANES
aleserafimsouza,onesco
Huan,Patrick
xfactor,Gzontta
Fercastro,macastro
xfactor,emoussa2
Huan,GiovaniZontta
leonardoschew,milaschew
Lauro_Castro,Michelpiragine
btcsb,paulobtc
btcsb,galeriabitcoin
niceteixeira,lucastilhol
btcsb,Markão
Huan,Mazzoni
metbexport,Rrocha
Huan,aleserafimsouza
juilano,jgouveiadev
leonardoschew,metbexport
btcsb,DREAMTEAM
btcsb,thiagogerhardt
btcsb,andresawestphal
brunorafael,Edgar_Aleixo
btcsb,Marrone
Rrocha,Ronaldosts
metbexport,oficial
leonardoschew,TadeuSchew
niceteixeira,nino.74
xfactor,Eduardo1
Diego,Eduardo
leonardoschew,leco
metbexport,move
Gusvan,LeoMatheus
Gusvan,Carlosjhon123
btcsb,DyQuin
btcsb,nramos
metbexport,JRBFreitas
btcsb,Efraim
Gusvan,Beatriz
btcsb,Gusvan
metbexport,tiagodeoliveiraaa
leonardoschew,thiagoberardi
airzarovne,anivaldo
metbexport,EBARBOSA
Rrocha,meneghete
aleserafimsouza,Valdirschemitd
Huan,Diego
metbexport,nil2109son
xfactor,sapial
btcsb,g20
btcsb,evicente7
super,xfactor
ElonBTC,etjuniorg12
metbexport,Paulinhoargentina
metbexport,claudioserractba@gmail.com
btcsb,btcdavi
THAISAMILO,ALVARORAMOS
metbexport,marcopublicidade10
Rrocha,Severo
btcdavi,Btcclara
Rrocha,fbueno
xfactor,lukeover9000
metbexport,Croman
ElonBTC,zaza12
xfactor,leonardoschew
Paulinhoargentina,Kamicai6
Rrocha,Leumas
btcsb,ElonBTC
Rrocha,ERFlores
Rrocha,agcosta
Rrocha,Dgevinski
metbexport,Cadu2018
THAISAMILO,FGOELZER
leonardoschew,Schroeder
metbexport,Gilbertmelo
leoschew,satoshi
zaza12,JONAVESBTC
btcsb,BORGES
NettoPaivaBTC,pantcho.paiva
Conceição,purchaize1968
xfactor,prgilsonpaiva12
xfactor,Redelles
metbexport,Robson
etjuniorg12,prgilsonpaivaa
leonardoschew,analeao
Rrocha,GBSBB2011
xfactor,elizandro
ElonBTC,NettoPaivaBTC
Rrocha,Cabral
Gilbertmelo,GubioSoares
Croman,McCoin
purchaize1968,Jhog_99
metbexport,ljgusso
xfactor,GB_Sald
metbexport,gfpguilherme
niceteixeira,Conceição
Gilbertmelo,brunofernandesdc
Rrocha,VISILVA
Gusvan,Jaison
ljgusso,netegp
xfactor,MICAEL
brunorafael,Edgar_@leixo
Jhog_99,Gglick
metbexport,JLiz
VISILVA,VITORJUNIOR
Rrocha,coachdg
etjuniorg12,gilvan.g12
btcsb,BHSBit
leonardoschew,ankoss
xfactor,fepercigo
leonardoschew,durapox
xfactor,lucacorrea
Gilbertmelo,Michaelbc
xfactor,smartinvest
btcsb,srgrassi
NettoPaivaBTC,Pothnall
Michaelbc,Michaelbc1
srgrassi,gzconst
Rrocha,Indirocha
brunorafael,adamowings68
NettoPaivaBTC,DavidAmbrosioBTC
